CR-Fairmount,CR-Fitchburg,CR-Greenbush,CR-Haverhill,CR-Kingston,CR-Lowell,CR-Needham,CR-Newburyport,CR-Providence,CR-Worcester
24.516666666666666,89.03333333333333,56.63333333333333,82.03333333333333,68.8,44.733333333333334,42.483333333333334,71.39166666666667,82.83333333333333,106.76666666666667
23.05,,54.166666666666664,86.28333333333333,55.35,48.11666666666667,45.21666666666667,69.425,,104.78333333333333
23.516666666666666,,53.03333333333333,64.41666666666667,57.43333333333333,45.65,37.45,70.23333333333333,,83.75
22.016666666666666,,58.733333333333334,71.71666666666667,52.43333333333333,,37.45,84.58333333333333,,76.55
23.033333333333335,,,,52.61666666666667,,,79.96666666666667,,90.1
21.033333333333335,,,,,,,64.75,,
21.533333333333335,,,,,,,,,
21.533333333333335,,,,,,,,,
24.033333333333335,,,,,,,,,
